Title,Link,GA,GA_Remarketing,GA_Steroids,Google_Addworks,Google_Tag_Manager
Forearm Crutch Rental Locations - SideStix,http://www.sidestix.com/contact/forearm-crutch-rental-locations/,1,0,0,0,0
VA - SideStix,http://www.sidestix.com/va/,1,0,0,0,0
Contact - SideStix,http://www.sidestix.com/contact/,1,0,0,0,0
News & Events - SideStix,http://www.sidestix.com/news-events/,1,0,0,0,0
SideStix Forearm Crutches,http://www.sidestix.com/,1,0,0,0,0
Retail Locations - SideStix,http://www.sidestix.com/retail-locations/,1,0,0,0,0
Retail / Affiliate - SideStix,http://www.sidestix.com/retail-affiliate/,1,0,0,0,0
Warranty - SideStix,http://www.sidestix.com/warranty/,1,0,0,0,0
Insurance Coverage for Crutches - SideStix,http://www.sidestix.com/coverage-options/,1,0,0,0,0
SideStix Fit & Assembly - SideStix,http://www.sidestix.com/how-to-set-up-forearm-crutch/,1,0,0,0,0
Maintenance - SideStix,http://www.sidestix.com/maintenance/,1,0,0,0,0
Gallery - SideStix,http://www.sidestix.com/gallery/,1,0,0,0,0
Meet the Team - SideStix,http://www.sidestix.com/about/meet-the-team/,1,0,0,0,0
Research - SideStix,http://www.sidestix.com/ergonomic-crutch-research/,1,0,0,0,0
Media - SideStix,http://www.sidestix.com/media-kit/,1,0,0,0,0
Frequently Asked Questions - SideStix,http://www.sidestix.com/frequently-asked-questions/,1,0,0,0,0
About - SideStix,http://www.sidestix.com/about/,1,0,0,0,0
Testimonials - SideStix,http://www.sidestix.com/testimonials/,1,0,0,0,0
Crutch Attachments - SideStix,http://www.sidestix.com/products/attachments/,1,0,0,0,0
Crutch Accessories - SideStix,http://www.sidestix.com/products/accessories/,1,0,0,0,0
User Spotlight: Theresa Sandberg - SideStix,http://www.sidestix.com/5887/user-spotlight-theresa-sandberg/,1,0,0,0,0
A Message from Sarah - SideStix,http://www.sidestix.com/5928/a-message-from-sarah-4/,1,0,0,0,0
A Message from Sarah - September - SideStix,http://www.sidestix.com/6272/a-message-from-sarah-september/,1,0,0,0,0
How to Get Your Favourite Sport Into the Olympics - SideStix,http://www.sidestix.com/6276/how-to-get-your-favourite-sport-into-the-olympics/,1,0,0,0,0
US Insurance Coverage - SideStix,http://www.sidestix.com/coverage-options/medical-coverage-crutches/,1,0,0,0,0
Canadian Insurance Coverage - SideStix,http://www.sidestix.com/coverage-options/canadian-insurance-coverage/,1,0,0,0,0
Nico Calabria Featured on CBS Evening News - SideStix,http://www.sidestix.com/6326/nico-calabria-featured-on-cbs-evening-news/,1,0,0,0,0
User Spotlight: Aaron Cederberg - SideStix,http://www.sidestix.com/6291/user-spotlight-aaron-cederberg/,1,0,0,0,0
October Featured User Jim Marye - SideStix,http://www.sidestix.com/6385/featured-user-october/,1,0,0,0,0
December Featured User - Caroline Larsson - SideStix,http://www.sidestix.com/6466/december-featured-user/,1,0,0,0,0
November Featured User - Dave Bexfield - SideStix,http://www.sidestix.com/6429/november-featured-user-dave-bexfield/,1,0,0,0,0
Standard Tips and Adapters - SideStix,http://www.sidestix.com/products/attachments/crutchtips/,1,0,0,0,0
Rotating/Articulating Foot and Accessories - SideStix,http://www.sidestix.com/products/attachments/articulatingfeet/,1,0,0,0,0
Outdoor Crutch Attachments - SideStix,http://www.sidestix.com/products/attachments/outdoorsattachments/,1,0,0,0,0
News & Events - SideStix,http://www.sidestix.com/news-events/page/5/,1,0,0,0,0
News & Events - SideStix,http://www.sidestix.com/news-events/page/3/,1,0,0,0,0
News & Events - SideStix,http://www.sidestix.com/news-events/page/4/,1,0,0,0,0
User Profiles Archives - SideStix,http://www.sidestix.com/category/user-profiles/,1,0,0,0,0
News & Events - SideStix,http://www.sidestix.com/news-events/page/2/,1,0,0,0,0
Articles Archives - SideStix,http://www.sidestix.com/category/articles/,1,0,0,0,0
News & Events Archives - SideStix,http://www.sidestix.com/category/news/,1,0,0,0,0
January Featured User - Tracey Fournier - SideStix,http://www.sidestix.com/6517/january-featured-user-tracey-fournier/,1,0,0,0,0
March Featured User - Helen Stidwill - SideStix,http://www.sidestix.com/6585/february-featured-user-helen-stidwill/,1,0,0,0,0
May Featured User - Michael Forbes - SideStix,http://www.sidestix.com/6841/may-featured-user-michael-forbes/,1,0,0,0,0
Media Archives - SideStix,http://www.sidestix.com/category/media/,1,0,0,0,0
April Featured User - Larry Chloupek - SideStix,http://www.sidestix.com/6776/april-featured-user-larry-chloupek/,1,0,0,0,0
June Featured User - Dan Via - SideStix,http://www.sidestix.com/6865/june-featured-user-dan-via/,1,0,0,0,0
Forearm Crutches | Products – SideStix,http://www.sidestix.com/products/forearm-crutches/,1,0,0,0,0
"Crutches, Crutch Attachments & Acessories - SideStix",http://www.sidestix.com/products/,1,0,0,0,0
Looking Back on the Summer Olympics - SideStix,http://www.sidestix.com/5899/looking-back-on-olympics/,1,0,0,0,0
News & Events - SideStix,http://www.sidestix.com/news-events/page/7/,1,0,0,0,0
News & Events - SideStix,http://www.sidestix.com/news-events/page/6/,1,0,0,0,0
User Spotlight: Marianne Hüche - SideStix,http://www.sidestix.com/5768/user-spotlight-marianne-huche/,1,0,0,0,0
News & Events Archives - Page 5 of 14 - SideStix,http://www.sidestix.com/category/news/page/5/,1,0,0,0,0
News & Events Archives - Page 4 of 14 - SideStix,http://www.sidestix.com/category/news/page/4/,1,0,0,0,0
An Overview of Some Current SideStix Research - SideStix,http://www.sidestix.com/5763/an-overview-of-some-current-sidestix-research/,1,0,0,0,0
A Message from Sarah.. - SideStix,http://www.sidestix.com/5755/a-message-from-sarah-3/,1,0,0,0,0
User Profiles Archives - Page 2 of 2 - SideStix,http://www.sidestix.com/category/user-profiles/page/2/,1,0,0,0,0
SideStix Discovery Pro Forearm Crutch - SideStix,http://www.sidestix.com/products/forearm-crutches/discoverypro/,1,0,0,0,0
SideStix Boundless PRO Forearm Crutch - SideStix,http://www.sidestix.com/products/forearm-crutches/boundlesspro/,1,0,0,0,0
Media Archives - Page 4 of 4 - SideStix,http://www.sidestix.com/category/media/page/4/,1,0,0,0,0
News & Events Archives - Page 3 of 14 - SideStix,http://www.sidestix.com/category/news/page/3/,1,0,0,0,0
SideStix is Keeping up the Momentum! - SideStix,http://www.sidestix.com/1626/medical-equipment-dragons-den/,1,0,0,0,0
News & Events Archives - Page 2 of 14 - SideStix,http://www.sidestix.com/category/news/page/2/,1,0,0,0,0
Media Archives - Page 3 of 4 - SideStix,http://www.sidestix.com/category/media/page/3/,1,0,0,0,0
Media Archives - Page 2 of 4 - SideStix,http://www.sidestix.com/category/media/page/2/,1,0,0,0,0
Sidestix Users to Compete in International Soccer Match - SideStix,http://www.sidestix.com/5127/sidestix-soccer/,1,0,0,0,0
News & Events - SideStix,http://www.sidestix.com/news-events/page/9/,1,0,0,0,0
User Spotlight: Andersen Fagundes - SideStix,http://www.sidestix.com/5427/user-spotlight-andersen-fagundes/,1,0,0,0,0
Amputee Soccer a Huge Success - SideStix,http://www.sidestix.com/5403/amputee-soccer-a-huge-success/,1,0,0,0,0
What's In The Box? - SideStix,http://www.sidestix.com/4507/best-set-up-forearm-crutches/,1,0,0,0,0
News & Events Archives - Page 7 of 14 - SideStix,http://www.sidestix.com/category/news/page/7/,1,0,0,0,0
Could Your Mobility Device Be Slowing You Down? Here's a guide that can help. - SideStix,http://www.sidestix.com/5311/what-do-i-need-comparing-crutches-canes-and-walkers/,1,0,0,0,0
andersoncrutches - SideStix,http://www.sidestix.com/5427/user-spotlight-andersen-fagundes/andersoncrutches/,1,0,0,0,0
News & Events Archives - Page 6 of 14 - SideStix,http://www.sidestix.com/category/news/page/6/,1,0,0,0,0
News & Events - SideStix,http://www.sidestix.com/news-events/page/8/,1,0,0,0,0
Leg Work - SideStix,http://www.sidestix.com/381/leg-work-vancouver-magazine/,1,0,0,0,0
Hikes and Races Archives - SideStix,http://www.sidestix.com/category/adventures-field-trials-with-sidestix/hikes-and-races/,1,0,0,0,0
Sarah Doherty Archives - SideStix,http://www.sidestix.com/tag/sarah-doherty/,1,0,0,0,0
Amputee climbs Africa’s highest peak - SideStix,http://www.sidestix.com/373/amputee-climbs-africa%E2%80%99s-highest-peak/,1,0,0,0,0
technology Archives - SideStix,http://www.sidestix.com/tag/technology/,1,0,0,0,0
Mountain Peaks No Match for Taunton Native. - SideStix,http://www.sidestix.com/621/mountain-peaks-no-match-for-taunton-native/,1,0,0,0,0
nicoteam - SideStix,http://www.sidestix.com/5403/amputee-soccer-a-huge-success/nicoteam/,1,0,0,0,0
News & Events - SideStix,http://www.sidestix.com/news-events/page/11/,1,0,0,0,0
Amputee Develops Innovative Sports Crutch - SideStix,http://www.sidestix.com/982/982/,1,0,0,0,0
News & Events - SideStix,http://www.sidestix.com/news-events/page/10/,1,0,0,0,0
nicowebsite - SideStix,http://www.sidestix.com/5403/amputee-soccer-a-huge-success/nicowebsite-2/,1,0,0,0,0
News & Events Archives - Page 9 of 14 - SideStix,http://www.sidestix.com/category/news/page/9/,1,0,0,0,0
Dragons Den Video Available Now! - SideStix,http://www.sidestix.com/4287/dragons-den-video-available-now/,1,0,0,0,0
News & Events Archives - Page 8 of 14 - SideStix,http://www.sidestix.com/category/news/page/8/,1,0,0,0,0
The Dragons' Effect - SideStix,http://www.sidestix.com/4346/forearm-crutches-dragons-effect/,1,0,0,0,0
Stunts on Stix - SideStix,http://www.sidestix.com/4436/amputee-stunts-tricks-parkour-canes-and-sticks/,1,0,0,0,0
SideStix Take Home MISTIC Innovation Award - SideStix,http://www.sidestix.com/3697/forearm-crutch-accessories-win-technology-award/,1,0,0,0,0
Stunning New SideStix Promotional Video Released - SideStix,http://www.sidestix.com/3239/stunning-new-sidestix-promotional-video-released/,1,0,0,0,0
SideStix takes home 2nd place at the New Ventures BC Regional Competition - SideStix,http://www.sidestix.com/1311/sidestix-takes-home-2nd-place-at-the-new-ventures-bc-competition/,1,0,0,0,0
SideStix Arrive at No Barriers Summit - SideStix,http://www.sidestix.com/2681/sidestix-arrive-at-no-barriers-summit/,1,0,0,0,0
SideStix is at the AOTA Conference in Florida - SideStix,http://www.sidestix.com/972/sidestix-is-at-the-aota-conference-in-florida/,1,0,0,0,0
The SideStix Sports Crutch Opens Snow Fields of Possibility - SideStix,http://www.sidestix.com/1381/the-sidestix-sports-crutch-opens-snow-fields-of-possibility/,1,0,0,0,0
No Barriers Summit 2011 Retrospective - SideStix,http://www.sidestix.com/2816/no-barriers-summit-2011-retrospective/,1,0,0,0,0
technology Archives - Page 2 of 2 - SideStix,http://www.sidestix.com/tag/technology/page/2/,1,0,0,0,0
News & Events - SideStix,http://www.sidestix.com/news-events/page/13/,1,0,0,0,0
Awards Archives - SideStix,http://www.sidestix.com/category/awards/,1,0,0,0,0
News & Events - SideStix,http://www.sidestix.com/news-events/page/12/,1,0,0,0,0
News & Events Archives - Page 11 of 14 - SideStix,http://www.sidestix.com/category/news/page/11/,1,0,0,0,0
Side By Side with SideStix - SideStix,http://www.sidestix.com/3083/forearm-crutches-provide-increased-mobilit/,1,0,0,0,0
News & Events Archives - Page 10 of 14 - SideStix,http://www.sidestix.com/category/news/page/10/,1,0,0,0,0
Dragons' Den Official Announcement - SideStix,http://www.sidestix.com/1933/dragons-den-official-announcement/,1,0,0,0,0
Another Great User Testimonial! - SideStix,http://www.sidestix.com/3228/another-great-user-testimonial/,1,0,0,0,0
Trans-Sierra Sitski Crossing Complete! - SideStix,http://www.sidestix.com/1679/trans-sierra-sitski-crossing-complete/,1,0,0,0,0
SideStix at the Amputee Coalition Conference - SideStix,http://www.sidestix.com/1956/sidestix-at-the-amputee-coalition-conference/,1,0,0,0,0
snowshoe Archives - SideStix,http://www.sidestix.com/tag/snowshoe/,1,0,0,0,0
SideStix Archives - SideStix,http://www.sidestix.com/tag/sidestix/,1,0,0,0,0
start-up Archives - SideStix,http://www.sidestix.com/tag/start-up/,1,0,0,0,0
New Ventures BC Update Dec. 15th - SideStix,http://www.sidestix.com/1186/new-ventures-bc-update/,1,0,0,0,0
Human Monster Truck - SideStix,http://www.sidestix.com/1552/heavy-duty-crutches/,1,0,0,0,0
snowshoing Archives - SideStix,http://www.sidestix.com/tag/snowshoing/,1,0,0,0,0
Trans-Sierra Sit-Ski and SideStix Crutch Snowshoe Trip in Planning Stages - SideStix,http://www.sidestix.com/1343/trans-sierra-sit-ski-and-sidestix-crutch-snowshoe-trip-in-planning-stages/,1,0,0,0,0
Prize Archives - SideStix,http://www.sidestix.com/tag/prize/,1,0,0,0,0
Snowshoe Break! - SideStix,http://www.sidestix.com/1401/snowshoe-break/,1,0,0,0,0
News & Events - SideStix,http://www.sidestix.com/news-events/page/15/,1,0,0,0,0
News & Events - SideStix,http://www.sidestix.com/news-events/page/14/,1,0,0,0,0
snowshoeing Archives - SideStix,http://www.sidestix.com/tag/snowshoeing/,1,0,0,0,0
News & Events Archives - Page 13 of 14 - SideStix,http://www.sidestix.com/category/news/page/13/,1,0,0,0,0
SideStix In Action - SideStix,http://www.sidestix.com/1609/quality-crutches-actio/,1,0,0,0,0
Deep Powder SideStix Snowshoeing with Sarah - SideStix,http://www.sidestix.com/1279/deep-powder-sidestix-snowshoeing-with-sarah/,1,0,0,0,0
event Archives - SideStix,http://www.sidestix.com/tag/event/,1,0,0,0,0
amputee Archives - SideStix,http://www.sidestix.com/tag/amputee/,1,0,0,0,0
sit-ski Archives - SideStix,http://www.sidestix.com/tag/sit-ski/,1,0,0,0,0
light-weight Archives - SideStix,http://www.sidestix.com/tag/light-weight/,1,0,0,0,0
News & Events Archives - Page 12 of 14 - SideStix,http://www.sidestix.com/category/news/page/12/,1,0,0,0,0
video Archives - SideStix,http://www.sidestix.com/tag/video/,1,0,0,0,0
Jon Arnow Crutch Snowshoeing - SideStix,http://www.sidestix.com/1254/jon-arnow-crutch-snowshoeing/,1,0,0,0,0
testing Archives - SideStix,http://www.sidestix.com/tag/testing-2/,1,0,0,0,0
spinal cord injury Archives - SideStix,http://www.sidestix.com/tag/spinal-cord-injury/,1,0,0,0,0
news Archives - SideStix,http://www.sidestix.com/tag/news-2/,1,0,0,0,0
News & Events - SideStix,http://www.sidestix.com/news-events/page/17/,1,0,0,0,0
sunshine coast Archives - SideStix,http://www.sidestix.com/tag/sunshine-coast/,1,0,0,0,0
Advice for Students with Disabilities Entering the Job Market - SideStix,http://www.sidestix.com/1293/advice-for-students-with-disabilities-entering-the-job-market/,1,0,0,0,0
demos Archives - SideStix,http://www.sidestix.com/tag/demos/,1,0,0,0,0
News & Events Archives - Page 14 of 14 - SideStix,http://www.sidestix.com/category/news/page/14/,1,0,0,0,0
snowshoeing on crutches Archives - SideStix,http://www.sidestix.com/tag/snowshoeing-on-crutches/,1,0,0,0,0
fun in the now Archives - SideStix,http://www.sidestix.com/tag/fun-in-the-now/,1,0,0,0,0
sidestix crutches Archives - SideStix,http://www.sidestix.com/tag/sidestix-crutches/,1,0,0,0,0
fun Archives - SideStix,http://www.sidestix.com/tag/fun/,1,0,0,0,0
"Sarah is awarded the Boston University - Occupational Therapy Alumni Award, for developing SideStix! - SideStix",http://www.sidestix.com/977/sarah-is-awarded-the-boston-university-occupational-therapy-alumni-award-for-developing-sidestix/,1,0,0,0,0
SideStix has new digs! - SideStix,http://www.sidestix.com/956/sidestix-has-new-digs/,1,0,0,0,0
backcountry Archives - SideStix,http://www.sidestix.com/tag/backcountry/,1,0,0,0,0
spinal injury Archives - SideStix,http://www.sidestix.com/tag/spinal-injury/,1,0,0,0,0
News & Events - SideStix,http://www.sidestix.com/news-events/page/16/,1,0,0,0,0
News & Events - SideStix,http://www.sidestix.com/news-events/page/19/,1,0,0,0,0
Posting comments should now be easier! - SideStix,http://www.sidestix.com/8/posting-comments-should-now-be-easier/,1,0,0,0,0
motivation Archives - SideStix,http://www.sidestix.com/tag/motivation/,1,0,0,0,0
News & Events - SideStix,http://www.sidestix.com/news-events/page/18/,1,0,0,0,0
"Sarah at the Dakota Ridge, - SideStix",http://www.sidestix.com/33/sarah-at-the-dakota-ridge/,1,0,0,0,0
sports crutches Archives - SideStix,http://www.sidestix.com/tag/sports-crutches/,1,0,0,0,0
Day 1... (August 26th) - SideStix,http://www.sidestix.com/121/out-of-touch-for-now/,1,0,0,0,0
THE NEXT STEP... Foreman CNC are making 10 pairs for product testing. - SideStix,http://www.sidestix.com/69/next-step/,1,0,0,0,0
SideStix are given a workout... - SideStix,http://www.sidestix.com/944/sidestix-are-given-a-workout/,1,0,0,0,0
jobs Archives - SideStix,http://www.sidestix.com/tag/jobs/,1,0,0,0,0
interview Archives - SideStix,http://www.sidestix.com/tag/interview/,1,0,0,0,0
disability Archives - SideStix,http://www.sidestix.com/tag/disability/,1,0,0,0,0
Pre-Trail... (August 25th) - SideStix,http://www.sidestix.com/117/and-were-off/,1,0,0,0,0
News & Events - SideStix,http://www.sidestix.com/news-events/page/20/,1,0,0,0,0
Day 7... (September 1st) - SideStix,http://www.sidestix.com/307/day-7/,1,0,0,0,0
The West Coast Trail - SideStix,http://www.sidestix.com/320/the-west-coast-trail/,1,0,0,0,0
Day 2... (August 27th) - SideStix,http://www.sidestix.com/124/on-the-trail/,1,0,0,0,0
Day 5... (August 30th) - SideStix,http://www.sidestix.com/272/day-5/,1,0,0,0,0
Day 6... (August 31st) - SideStix,http://www.sidestix.com/288/day-6/,1,0,0,0,0
Day 4... (August 29th) - SideStix,http://www.sidestix.com/249/day-4/,1,0,0,0,0
Adventures: SideStix Archives - SideStix,http://www.sidestix.com/category/adventures-field-trials-with-sidestix/,1,0,0,0,0
News & Events - SideStix,http://www.sidestix.com/news-events/page/21/,1,0,0,0,0
Day 3... (August 28th) - SideStix,http://www.sidestix.com/234/day-3/,1,0,0,0,0
West Coast Trail Archives - SideStix,http://www.sidestix.com/category/adventures-field-trials-with-sidestix/west-coast-trail/,1,0,0,0,0
"Proof that SideStix are ""Designed to Go Far"" - SideStix",http://www.sidestix.com/1228/proof-that-sidestix-are-designed-to-go-far/,1,0,0,0,0
snowshoes Archives - SideStix,http://www.sidestix.com/tag/snowshoes/,1,0,0,0,0
expedition Archives - SideStix,http://www.sidestix.com/tag/expedition/,1,0,0,0,0
climbing Archives - SideStix,http://www.sidestix.com/tag/climbing/,1,0,0,0,0
carbon fibre Archives - SideStix,http://www.sidestix.com/tag/carbon-fibre/,1,0,0,0,0
folding crutches Archives - SideStix,http://www.sidestix.com/tag/folding-crutches/,1,0,0,0,0
News & Events - SideStix,http://www.sidestix.com/news-events/page/22/,1,0,0,0,0
Susan's Account: - SideStix,http://www.sidestix.com/9/susans-account/,1,0,0,0,0
Sarah's Account of the Summit Night - SideStix,http://www.sidestix.com/10/sarahs-account-of-the-summit-night/,1,0,0,0,0
West Coast Trail Archives - SideStix,http://www.sidestix.com/tag/west-coast-trail/,1,0,0,0,0
On Safari... - SideStix,http://www.sidestix.com/5/on-safari/,1,0,0,0,0
pacific rim Archives - SideStix,http://www.sidestix.com/tag/pacific-rim/,1,0,0,0,0
mobility Archives - SideStix,http://www.sidestix.com/tag/mobility/,1,0,0,0,0
Adventures: SideStix Archives - Page 5 of 8 - SideStix,http://www.sidestix.com/category/adventures-field-trials-with-sidestix/page/5/,1,0,0,0,0
News & Events - SideStix,http://www.sidestix.com/news-events/page/23/,1,0,0,0,0
West Coast Trail Archives - Page 2 of 2 - SideStix,http://www.sidestix.com/category/adventures-field-trials-with-sidestix/west-coast-trail/page/2/,1,0,0,0,0
These boots have climbed Kilimanjaro! - SideStix,http://www.sidestix.com/12/these-boots-have-climbed-kilimanjaro/,1,0,0,0,0
The Longest Day. - SideStix,http://www.sidestix.com/4/the-longest-day/,1,0,0,0,0
Adventures: SideStix Archives - Page 4 of 8 - SideStix,http://www.sidestix.com/category/adventures-field-trials-with-sidestix/page/4/,1,0,0,0,0
Climbing Kilimanjaro Archives - SideStix,http://www.sidestix.com/category/adventures-field-trials-with-sidestix/climbing-kilimanjaro/,1,0,0,0,0
Ellen's Summit. - SideStix,http://www.sidestix.com/7/ellens-summit/,1,0,0,0,0
Repaired SideStix - SideStix,http://www.sidestix.com/11/repaired-sidestix/,1,0,0,0,0
Adventures: SideStix Archives - Page 3 of 8 - SideStix,http://www.sidestix.com/category/adventures-field-trials-with-sidestix/page/3/,1,0,0,0,0
News & Events - SideStix,http://www.sidestix.com/news-events/page/24/,1,0,0,0,0
Saturday morning (Tanzanian time) on Kilimanjaro - SideStix,http://www.sidestix.com/15/saturday-morning-tanzanian-time-on-kilimanjaro/,1,0,0,0,0
The Day AFTER The Longest Day... - SideStix,http://www.sidestix.com/6/the-day-after-the-longest-day/,1,0,0,0,0
"From Kibo Hut, 4703m - SideStix",http://www.sidestix.com/13/from-kibo-hut-4703m/,1,0,0,0,0
Enroute from Kibo Camp to summit - SideStix,http://www.sidestix.com/16/enroute-from-kibo-camp-to-summit/,1,0,0,0,0
Safari - Tanzania Archives - SideStix,http://www.sidestix.com/category/adventures-field-trials-with-sidestix/safari-tanzania/,1,0,0,0,0
From the summit of Kilimanjaro! - SideStix,http://www.sidestix.com/17/from-the-summit-of-kilimanjaro/,1,0,0,0,0
Adventures: SideStix Archives - Page 7 of 8 - SideStix,http://www.sidestix.com/category/adventures-field-trials-with-sidestix/page/7/,1,0,0,0,0
Climb Day minus One - SideStix,http://www.sidestix.com/20/climb-day-minus-one/,1,0,0,0,0
Climbing Kilimanjaro Archives - Page 5 of 6 - SideStix,http://www.sidestix.com/category/adventures-field-trials-with-sidestix/climbing-kilimanjaro/page/5/,1,0,0,0,0
News & Events - SideStix,http://www.sidestix.com/news-events/page/25/,1,0,0,0,0
Climbing Kilimanjaro Archives - Page 4 of 6 - SideStix,http://www.sidestix.com/category/adventures-field-trials-with-sidestix/climbing-kilimanjaro/page/4/,1,0,0,0,0
Climbing Kilimanjaro Archives - Page 3 of 6 - SideStix,http://www.sidestix.com/category/adventures-field-trials-with-sidestix/climbing-kilimanjaro/page/3/,1,0,0,0,0
Climbing Kilimanjaro Archives - Page 2 of 6 - SideStix,http://www.sidestix.com/category/adventures-field-trials-with-sidestix/climbing-kilimanjaro/page/2/,1,0,0,0,0
Word from Mount Kilimanjaro! - SideStix,http://www.sidestix.com/14/word-from-mount-kilimanjaro/,1,0,0,0,0
Adventures: SideStix Archives - Page 6 of 8 - SideStix,http://www.sidestix.com/category/adventures-field-trials-with-sidestix/page/6/,1,0,0,0,0
We're at the Kibo Hotel in Marangu. - SideStix,http://www.sidestix.com/21/were-at-the-kibo-hotel-in-marangu/,1,0,0,0,0
News & Events - SideStix,http://www.sidestix.com/news-events/page/26/,1,0,0,0,0
...on a wing & a prayer... - SideStix,http://www.sidestix.com/25/25/,1,0,0,0,0
Air France Rocks (no pun intended!) - SideStix,http://www.sidestix.com/24/air-france-rocks-no-pun-intended/,1,0,0,0,0
Spending 'time' on the west coast. - SideStix,http://www.sidestix.com/26/spending-time-on-the-west-coast/,1,0,0,0,0
We're in Africa! - SideStix,http://www.sidestix.com/22/were-in-africa/,1,0,0,0,0
"From Horombo Hut, 3720m - SideStix",http://www.sidestix.com/19/from-horombo-hut-3720m/,1,0,0,0,0
Novotel in Amsterdam - SideStix,http://www.sidestix.com/23/novotel-in-amsterdam/,1,0,0,0,0
Adventures: SideStix Archives - Page 8 of 8 - SideStix,http://www.sidestix.com/category/adventures-field-trials-with-sidestix/page/8/,1,0,0,0,0
Climbing Kilimanjaro Archives - Page 6 of 6 - SideStix,http://www.sidestix.com/category/adventures-field-trials-with-sidestix/climbing-kilimanjaro/page/6/,1,0,0,0,0
Not a good start! - SideStix,http://www.sidestix.com/29/not-a-good-start/,1,0,0,0,0
Groan.... - SideStix,http://www.sidestix.com/28/groan/,1,0,0,0,0
hiking Archives - SideStix,http://www.sidestix.com/tag/hiking/,1,0,0,0,0
Adventures: SideStix Archives - Page 2 of 8 - SideStix,http://www.sidestix.com/category/adventures-field-trials-with-sidestix/page/2/,1,0,0,0,0
Current Study: Differences in biomechanics between the SideStix crutch and a traditional crutch during crutch gait - SideStix,http://www.sidestix.com/1241/current-study-differences-in-biomechanics-between-the-sidestix-crutch-and-a-traditional-crutch-during-crutch-gait/,1,0,0,0,0
Night before Flight - SideStix,http://www.sidestix.com/30/night-before-flight/,1,0,0,0,0
Shock Absorbing All Terrain Sports Crutch - SideStix,http://www.sidestix.com/1263/shock-absorbing-all-terrain-sports-crutch/,1,0,0,0,0
Making the best of a bad thing... - SideStix,http://www.sidestix.com/27/making-the-best-of-a-bad-thing/,1,0,0,0,0
An early start. - SideStix,http://www.sidestix.com/18/18/,1,0,0,0,0
Climbing Team - Kilimanjaro - 2009 - SideStix,http://www.sidestix.com/34/climbing-team-kilimanjaro-2009/,1,0,0,0,0
snow Archives - SideStix,http://www.sidestix.com/tag/snow/,1,0,0,0,0
outdoors Archives - SideStix,http://www.sidestix.com/tag/outdoors/,1,0,0,0,0
magazine Archives - SideStix,http://www.sidestix.com/tag/magazine/,1,0,0,0,0
Kerith Perreur-Lloyd Archives - SideStix,http://www.sidestix.com/tag/kerith-perreur-lloyd/,1,0,0,0,0
article Archives - SideStix,http://www.sidestix.com/tag/article/,1,0,0,0,0
Conference Archives - SideStix,http://www.sidestix.com/tag/conference/,1,0,0,0,0
NVBC Archives - SideStix,http://www.sidestix.com/tag/nvbc/,1,0,0,0,0
AOTA Archives - SideStix,http://www.sidestix.com/tag/aota/,1,0,0,0,0
investment Archives - SideStix,http://www.sidestix.com/tag/investment/,1,0,0,0,0
invention Archives - SideStix,http://www.sidestix.com/tag/invention/,1,0,0,0,0
innovation Archives - SideStix,http://www.sidestix.com/tag/innovation/,1,0,0,0,0
shock absorber Archives - SideStix,http://www.sidestix.com/tag/shock-absorber/,1,0,0,0,0
amputee soccer Archives - SideStix,http://www.sidestix.com/tag/amputee-soccer/,1,0,0,0,0
SideStix Introduces Carbon Fibre - SideStix,http://www.sidestix.com/1409/sidestix-introduces-carbon-fibre/,1,0,0,0,0
Competition Archives - SideStix,http://www.sidestix.com/tag/competition/,1,0,0,0,0
SideStix Demonstrations in Brazil And Barbados - SideStix,http://www.sidestix.com/3490/sidestix-demonstrations-brazil-and-barbados/,1,0,0,0,0
snow Archives - Page 2 of 2 - SideStix,http://www.sidestix.com/tag/snow/page/2/,1,0,0,0,0
Fun in the Sun at Zajac Ranch for Children - SideStix,http://www.sidestix.com/2363/summer-camp-children-kids-disabilities/,1,0,0,0,0
Help SideStix Win The 2011 da Vinci People's Choice Award - SideStix,http://www.sidestix.com/3331/help-sidestix-win-the-2011-da-vinci-award/,1,0,0,0,0
BCIC Archives - SideStix,http://www.sidestix.com/tag/bcic/,1,0,0,0,0
Stix Sisters User Testimonials Posted - SideStix,http://www.sidestix.com/3319/stix-sisters-user-testimonials-posted/,1,0,0,0,0
SideStix to Air on CBC's Dragons' Den - SideStix,http://www.sidestix.com/3602/sidestix-to-air-on-cbcs-dragons-den/,1,0,0,0,0
Turning Pain to Gain - SideStix,http://www.sidestix.com/993/993/,1,0,0,0,0
carbon fiber Archives - SideStix,http://www.sidestix.com/tag/carbon-fiber/,1,0,0,0,0
SideStix Ventures Slated to Pitch to CBC’s Dragon’s Den - SideStix,http://www.sidestix.com/1541/sidestix-ventures-slated-to-pitch-to-cbcs-dragons-den/,1,0,0,0,0
SideStix Announces Involvement at the No Barriers Summit - SideStix,http://www.sidestix.com/1328/sidestix-at-the-no-barriers-summit/,1,0,0,0,0
Local woman summits Kilimanjaro - SideStix,http://www.sidestix.com/384/local-woman-summits-kilimanjaro/,1,0,0,0,0
innovation Archives - Page 2 of 2 - SideStix,http://www.sidestix.com/tag/innovation/page/2/,1,0,0,0,0
An Uphill Climb - SideStix,http://www.sidestix.com/558/an-uphill-climb/,1,0,0,0,0
Climbing Mount Kilimanjaro with only one leg - SideStix,http://www.sidestix.com/370/climbing-mount-kilimanjaro-with-only-one-leg/,1,0,0,0,0
new product Archives - SideStix,http://www.sidestix.com/tag/new-product/,1,0,0,0,0
forearm crutches Archives - SideStix,http://www.sidestix.com/tag/forearm-crutches/,1,0,0,0,0
SideStix Wins Big at 2011 da Vinci Awards - SideStix,http://www.sidestix.com/3409/sidestix-takes-home-awards-for-innovation-in-high-quality-forearm-crutches/,1,0,0,0,0
CTV National News: Canadian Spirit - SideStix,http://www.sidestix.com/359/ctv-national-news-canadian-spirit/,1,0,0,0,0
High-tech crutches aid climber’s uphill battle - SideStix,http://www.sidestix.com/379/high-tech-crutches-aid-climber%E2%80%99s-uphill-battle/,1,0,0,0,0
crutches Archives - SideStix,http://www.sidestix.com/tag/crutches/,1,0,0,0,0
One leg enough for this climber - SideStix,http://www.sidestix.com/376/one-leg-enough-for-this-climber/,1,0,0,0,0
utah Archives - SideStix,http://www.sidestix.com/tag/utah/,1,0,0,0,0
television Archives - SideStix,http://www.sidestix.com/tag/television/,1,0,0,0,0
no barriers summit Archives - SideStix,http://www.sidestix.com/tag/no-barriers-summit/,1,0,0,0,0
inventor Archives - SideStix,http://www.sidestix.com/tag/inventor/,1,0,0,0,0
How to Properly Fit SideStix Forearm Crutches - SideStix,http://www.sidestix.com/4585/how-to-properly-fit-sidestix-forearm-crutches/,1,0,0,0,0
forearm crutches Archives - Page 2 of 2 - SideStix,http://www.sidestix.com/tag/forearm-crutches/page/2/,1,0,0,0,0
dragon's den Archives - SideStix,http://www.sidestix.com/tag/dragons-den/,1,0,0,0,0
A Change of Perspective Gives Way to Pain Free Adventure... - SideStix,http://www.sidestix.com/4837/hiking-with-forearm-crutches/,1,0,0,0,0
Special Summit has Coast Connection - SideStix,http://www.sidestix.com/4814/special-summit-has-coast-connection/,1,0,0,0,0
park city Archives - SideStix,http://www.sidestix.com/tag/park-city/,1,0,0,0,0
cbc Archives - SideStix,http://www.sidestix.com/tag/cbc/,1,0,0,0,0
Its Spring! - SideStix,http://www.sidestix.com/5085/beach-crutches-tips/,1,0,0,0,0
ParAthletes Expedition Achieve African Summit - SideStix,http://www.sidestix.com/4947/parathletes-expedition-achieve-african-summit/,1,0,0,0,0
The International Four Days Marches Nijmegen - SideStix,http://www.sidestix.com/5733/the-international-four-days-marches-nijmegen/,1,0,0,0,0
User Spotlight - Kelly Smith - SideStix,http://www.sidestix.com/5594/user-spotlight-kelly-smith/,1,0,0,0,0
SideStix have been chosen for the CICP! - SideStix,http://www.sidestix.com/5859/sidestix-have-been-chosen-for-the-cicp/,1,0,0,0,0
April User Spotlight: Doug Rink - SideStix,http://www.sidestix.com/5107/military-crutches-user/,1,0,0,0,0
SideStix in the News - SideStix,http://www.sidestix.com/1671/sidestix-in-the-news/,1,0,0,0,0
wct - SideStix,http://www.sidestix.com/5562/five-amazing-hikes/wct/,1,0,0,0,0
A Message from Sarah - SideStix,http://www.sidestix.com/5489/a-message-from-sarah/,1,0,0,0,0
SideStix Sandshoe Attachment Summer Sale - SideStix,http://www.sidestix.com/5150/sidestix-sandshoe-attachment-summer-sale/,1,0,0,0,0
Five Amazing Hikes - SideStix,http://www.sidestix.com/5562/five-amazing-hikes/,1,0,0,0,0
"Matt Nyman with ""Soldiers to Summits"" on Lobuche - SideStix",http://www.sidestix.com/6918/matt-nyman-with-soldiers-to-summits-on-lobuche/,1,0,0,0,0
A Message from Sarah - SideStix,http://www.sidestix.com/5610/a-message-from-sarah-2/,1,0,0,0,0
kilimanjaro - SideStix,http://www.sidestix.com/5562/five-amazing-hikes/kilimanjaro/,1,0,0,0,0
CICP Clip - SideStix,http://www.sidestix.com/5859/sidestix-have-been-chosen-for-the-cicp/cicp-clip/,1,0,0,0,0
incatrail - SideStix,http://www.sidestix.com/5562/five-amazing-hikes/incatrail/,1,0,0,0,0
Product Updates & Sales Archives - SideStix,http://www.sidestix.com/category/products-updates-sales/,1,0,0,0,0
nztongariro - SideStix,http://www.sidestix.com/5562/five-amazing-hikes/nztongariro/,1,0,0,0,0
Outdoor Adventures Archives - SideStix,http://www.sidestix.com/category/outdoor-adventures/,1,0,0,0,0
yosemite - SideStix,http://www.sidestix.com/5562/five-amazing-hikes/yosemite/,1,0,0,0,0
